date,close,open,high,low
01/01/2025 00:00,94401.14000000,93576.00000000,94509.42000000,93489.03000000
01/01/2025 01:00,93607.74000000,94401.13000000,94408.72000000,93578.77000000
01/01/2025 02:00,94098.91000000,93607.74000000,94105.12000000,93594.56000000
01/01/2025 03:00,93838.04000000,94098.90000000,94098.91000000,93728.22000000
01/01/2025 04:00,93553.91000000,93838.04000000,93838.04000000,93500.00000000
01/01/2025 05:00,93792.02000000,93553.91000000,93937.19000000,93547.40000000
01/01/2025 06:00,93757.58000000,93792.02000000,93792.02000000,93568.38000000
01/01/2025 07:00,93684.10000000,93757.57000000,93800.00000000,93664.08000000
01/01/2025 08:00,93428.46000000,93684.11000000,93756.02000000,93304.00000000
01/01/2025 09:00,93413.06000000,93428.47000000,93486.29000000,92888.00000000
01/01/2025 10:00,93326.23000000,93413.07000000,93536.75000000,93284.00000000
01/01/2025 11:00,93444.64000000,93326.24000000,93705.08000000,93200.00000000
01/01/2025 12:00,93820.76000000,93444.65000000,93972.00000000,93407.07000000
01/01/2025 13:00,94031.76000000,93820.75000000,94058.79000000,93600.28000000
01/01/2025 14:00,94175.89000000,94031.77000000,94450.85000000,93671.48000000
01/01/2025 15:00,94432.94000000,94175.89000000,94500.00000000,93900.00000000
01/01/2025 16:00,94090.49000000,94432.94000000,94492.00000000,93922.00000000
01/01/2025 17:00,94143.85000000,94090.50000000,94189.16000000,93760.93000000
01/01/2025 18:00,94340.06000000,94143.84000000,94380.44000000,93936.44000000
01/01/2025 19:00,94627.07000000,94340.06000000,94823.75000000,94148.34000000
01/01/2025 20:00,94786.23000000,94627.08000000,94852.70000000,94579.83000000
01/01/2025 21:00,94978.48000000,94786.23000000,95151.15000000,94687.87000000
01/01/2025 22:00,94802.98000000,94978.48000000,94997.32000000,94685.81000000
01/01/2025 23:00,94591.79000000,94802.99000000,94952.29000000,94542.00000000
02/01/2025 00:00,95128.59000000,94591.78000000,95381.70000000,94392.00000000
02/01/2025 01:00,94862.72000000,95128.59000000,95516.00000000,94699.69000000
02/01/2025 02:00,95234.36000000,94862.73000000,95234.37000000,94803.03000000
02/01/2025 03:00,95010.33000000,95234.37000000,95299.24000000,94913.75000000
02/01/2025 04:00,95708.07000000,95010.34000000,96000.00000000,94984.84000000
02/01/2025 05:00,95596.48000000,95708.07000000,95800.00000000,95395.21000000
02/01/2025 06:00,95574.99000000,95596.48000000,95697.01000000,95380.04000000
02/01/2025 07:00,95822.00000000,95575.00000000,95880.00000000,95505.35000000
02/01/2025 08:00,96150.00000000,95822.01000000,96211.54000000,95640.05000000
02/01/2025 09:00,96755.51000000,96150.00000000,96799.86000000,96036.86000000
02/01/2025 10:00,96708.00000000,96755.51000000,96808.37000000,96538.77000000
02/01/2025 11:00,96732.99000000,96708.00000000,96876.38000000,96469.46000000
02/01/2025 12:00,96850.01000000,96733.00000000,96895.00000000,96609.42000000
02/01/2025 13:00,96458.17000000,96850.01000000,96988.05000000,96436.00000000
02/01/2025 14:00,97256.49000000,96458.17000000,97440.91000000,95924.60000000
02/01/2025 15:00,96455.01000000,97256.48000000,97323.16000000,96164.78000000
02/01/2025 16:00,97229.74000000,96455.01000000,97650.00000000,96040.04000000
02/01/2025 17:00,96757.57000000,97229.75000000,97591.84000000,96325.44000000
02/01/2025 18:00,97319.74000000,96757.57000000,97350.00000000,96400.00000000
02/01/2025 19:00,97317.74000000,97319.74000000,97777.00000000,97200.00000000
02/01/2025 20:00,97306.46000000,97317.74000000,97839.50000000,97300.00000000
02/01/2025 21:00,97212.68000000,97306.46000000,97355.77000000,97040.16000000
02/01/2025 22:00,96911.04000000,97212.69000000,97212.69000000,96666.66000000
02/01/2025 23:00,96984.79000000,96911.04000000,97077.78000000,96758.17000000
03/01/2025 00:00,96825.82000000,96984.79000000,97080.96000000,96796.56000000
03/01/2025 01:00,96985.47000000,96825.83000000,97000.00000000,96650.00000000
03/01/2025 02:00,96966.85000000,96985.47000000,97342.44000000,96856.98000000
03/01/2025 03:00,97062.30000000,96966.85000000,97090.91000000,96833.99000000
03/01/2025 04:00,96813.41000000,97062.30000000,97066.18000000,96766.51000000
03/01/2025 05:00,96765.34000000,96813.49000000,96860.48000000,96590.28000000
03/01/2025 06:00,96539.49000000,96765.35000000,96918.56000000,96512.00000000
03/01/2025 07:00,96304.00000000,96539.49000000,96645.83000000,96280.65000000
03/01/2025 08:00,96129.97000000,96304.00000000,96529.84000000,96100.01000000
03/01/2025 09:00,96554.32000000,96129.97000000,96702.48000000,96107.84000000
03/01/2025 10:00,96488.53000000,96554.32000000,96640.01000000,96402.82000000
03/01/2025 11:00,96757.58000000,96488.53000000,96830.00000000,96482.51000000
03/01/2025 12:00,96666.66000000,96757.57000000,96921.36000000,96666.66000000
03/01/2025 13:00,96504.79000000,96666.66000000,96839.71000000,96472.43000000
03/01/2025 14:00,97016.01000000,96504.80000000,97342.44000000,96504.79000000
03/01/2025 15:00,97521.35000000,97016.00000000,97660.00000000,96759.12000000
03/01/2025 16:00,97868.20000000,97521.36000000,98444.42000000,97406.54000000
03/01/2025 17:00,98026.00000000,97868.21000000,98299.76000000,97837.63000000
03/01/2025 18:00,98527.98000000,98025.99000000,98697.86000000,98000.00000000
03/01/2025 19:00,98592.01000000,98527.97000000,98976.91000000,98491.53000000
03/01/2025 20:00,98311.52000000,98592.02000000,98748.00000000,98300.00000000
03/01/2025 21:00,98272.70000000,98311.51000000,98419.14000000,98196.96000000
03/01/2025 22:00,98296.37000000,98272.70000000,98512.94000000,98250.00000000
03/01/2025 23:00,98174.18000000,98296.37000000,98382.19000000,98067.99000000
04/01/2025 00:00,97950.01000000,98174.17000000,98288.00000000,97887.20000000
04/01/2025 01:00,98040.00000000,97950.01000000,98095.06000000,97800.00000000
04/01/2025 02:00,98304.51000000,98040.00000000,98314.15000000,97848.48000000
04/01/2025 03:00,98200.00000000,98304.51000000,98304.51000000,98052.97000000
04/01/2025 04:00,98001.00000000,98200.01000000,98200.01000000,97862.87000000
04/01/2025 05:00,98126.21000000,98001.00000000,98196.51000000,97988.76000000
04/01/2025 06:00,98127.54000000,98126.21000000,98209.70000000,98039.91000000
04/01/2025 07:00,98271.88000000,98127.53000000,98350.04000000,98095.17000000
04/01/2025 08:00,97906.07000000,98271.87000000,98306.22000000,97905.26000000
04/01/2025 09:00,97690.37000000,97906.08000000,97980.00000000,97532.58000000
04/01/2025 10:00,97789.32000000,97690.37000000,97859.60000000,97600.00000000
04/01/2025 11:00,97889.39000000,97789.32000000,97923.07000000,97711.54000000
04/01/2025 12:00,97888.12000000,97889.40000000,98016.97000000,97800.00000000
04/01/2025 13:00,97973.05000000,97888.12000000,98068.46000000,97750.00000000
04/01/2025 14:00,98035.04000000,97973.05000000,98080.15000000,97828.38000000
04/01/2025 15:00,97657.94000000,98035.05000000,98152.02000000,97514.79000000
04/01/2025 16:00,97704.60000000,97657.95000000,97874.68000000,97549.99000000
04/01/2025 17:00,98016.26000000,97704.60000000,98049.99000000,97687.77000000
04/01/2025 18:00,97961.56000000,98016.26000000,98139.13000000,97909.85000000
04/01/2025 19:00,98166.26000000,97961.56000000,98350.00000000,97931.23000000
04/01/2025 20:00,98599.02000000,98166.26000000,98671.02000000,98166.25000000
04/01/2025 21:00,98362.43000000,98599.02000000,98778.43000000,98344.00000000
04/01/2025 22:00,98417.25000000,98362.43000000,98484.85000000,98265.91000000
04/01/2025 23:00,98220.50000000,98417.25000000,98419.14000000,98143.20000000
05/01/2025 00:00,98213.43000000,98220.51000000,98391.59000000,98154.18000000
05/01/2025 01:00,98123.53000000,98213.44000000,98322.35000000,98050.00000000
05/01/2025 02:00,98227.48000000,98123.53000000,98227.49000000,98105.41000000
05/01/2025 03:00,98187.96000000,98227.49000000,98227.49000000,98069.00000000
05/01/2025 04:00,98357.46000000,98187.97000000,98522.76000000,98187.96000000
05/01/2025 05:00,98358.98000000,98357.46000000,98500.00000000,98264.78000000
05/01/2025 06:00,98451.47000000,98358.98000000,98500.00000000,98304.82000000
05/01/2025 07:00,98268.77000000,98451.48000000,98464.84000000,98268.77000000
05/01/2025 08:00,97861.04000000,98268.77000000,98268.78000000,97777.77000000
05/01/2025 09:00,97652.20000000,97861.04000000,97943.02000000,97637.93000000
05/01/2025 10:00,97737.48000000,97652.21000000,97776.68000000,97600.00000000
05/01/2025 11:00,97641.63000000,97737.48000000,97822.16000000,97615.13000000
05/01/2025 12:00,97770.01000000,97641.62000000,97956.66000000,97569.04000000
05/01/2025 13:00,97689.96000000,97770.01000000,98018.96000000,97680.18000000
05/01/2025 14:00,97855.06000000,97689.96000000,97967.08000000,97276.79000000
05/01/2025 15:00,98028.98000000,97855.06000000,98281.89000000,97702.30000000
05/01/2025 16:00,98035.17000000,98028.98000000,98332.54000000,97937.82000000
05/01/2025 17:00,97731.08000000,98035.17000000,98078.94000000,97673.57000000
05/01/2025 18:00,97918.91000000,97731.09000000,97927.98000000,97577.46000000
05/01/2025 19:00,98079.63000000,97918.91000000,98109.00000000,97854.99000000
05/01/2025 20:00,98275.71000000,98079.64000000,98678.00000000,98024.00000000
05/01/2025 21:00,98496.52000000,98275.71000000,98522.46000000,98216.58000000
05/01/2025 22:00,98695.21000000,98496.52000000,98745.45000000,98344.00000000
05/01/2025 23:00,98363.61000000,98695.21000000,98836.85000000,98322.72000000
06/01/2025 00:00,98217.23000000,98363.61000000,98773.48000000,98190.75000000
06/01/2025 01:00,98759.43000000,98217.23000000,98816.28000000,97920.00000000
06/01/2025 02:00,98815.39000000,98759.42000000,99333.00000000,98649.97000000
06/01/2025 03:00,99037.57000000,98815.39000000,99235.99000000,98759.55000000
06/01/2025 04:00,99466.09000000,99037.57000000,99500.88000000,99037.57000000
06/01/2025 05:00,99600.00000000,99466.09000000,99892.00000000,99400.00000000
06/01/2025 06:00,99512.21000000,99600.00000000,99763.99000000,99382.31000000
06/01/2025 07:00,99318.70000000,99512.21000000,99529.87000000,99161.14000000
06/01/2025 08:00,99043.49000000,99318.70000000,99625.69000000,99000.00000000
06/01/2025 09:00,98999.99000000,99043.49000000,99250.00000000,98942.46000000
06/01/2025 10:00,98767.96000000,99000.00000000,99057.95000000,98709.28000000
06/01/2025 11:00,99259.99000000,98767.96000000,99410.23000000,98712.00000000
06/01/2025 12:00,99157.12000000,99259.99000000,99713.13000000,99142.43000000
06/01/2025 13:00,99492.51000000,99157.12000000,99575.85000000,98909.82000000
06/01/2025 14:00,100737.03000000,99492.50000000,101295.23000000,98711.94000000
06/01/2025 15:00,102147.95000000,100737.03000000,102468.92000000,100481.99000000
06/01/2025 16:00,102158.67000000,102147.95000000,102480.00000000,101719.59000000
06/01/2025 17:00,101831.95000000,102158.67000000,102158.68000000,101250.00000000
06/01/2025 18:00,101738.80000000,101831.95000000,102053.61000000,101578.12000000
06/01/2025 19:00,101817.22000000,101738.81000000,102032.00000000,101639.60000000
06/01/2025 20:00,102127.38000000,101817.22000000,102318.50000000,101800.00000000
06/01/2025 21:00,101611.92000000,102126.90000000,102329.98000000,101600.05000000
06/01/2025 22:00,102011.98000000,101611.92000000,102084.13000000,101600.06000000
06/01/2025 23:00,102235.60000000,102011.98000000,102239.58000000,101896.87000000
07/01/2025 00:00,102042.46000000,102235.60000000,102724.38000000,101950.00000000
07/01/2025 01:00,101915.66000000,102042.47000000,102071.90000000,101684.95000000
07/01/2025 02:00,101677.66000000,101915.66000000,102018.98000000,101651.67000000
07/01/2025 03:00,101708.08000000,101677.66000000,101818.19000000,101512.91000000
07/01/2025 04:00,101667.02000000,101708.09000000,101925.77000000,101667.01000000
07/01/2025 05:00,101743.47000000,101667.02000000,101786.07000000,101582.79000000
07/01/2025 06:00,101820.53000000,101743.47000000,101894.47000000,101648.56000000
07/01/2025 07:00,101664.81000000,101820.53000000,102015.01000000,101640.47000000
07/01/2025 08:00,101905.08000000,101664.81000000,101995.64000000,101618.04000000
07/01/2025 09:00,101723.19000000,101905.08000000,101914.11000000,101632.06000000
07/01/2025 10:00,101406.78000000,101723.18000000,101723.19000000,101379.45000000
07/01/2025 11:00,100830.86000000,101406.78000000,101453.00000000,100472.45000000
07/01/2025 12:00,100750.89000000,100830.86000000,100956.99000000,100628.43000000
07/01/2025 13:00,100636.80000000,100750.88000000,100960.06000000,100615.63000000
07/01/2025 14:00,99979.69000000,100636.80000000,100862.91000000,99732.00000000
07/01/2025 15:00,97952.26000000,99979.69000000,100142.99000000,97153.50000000
07/01/2025 16:00,97733.58000000,97952.26000000,98347.81000000,97586.41000000
07/01/2025 17:00,97277.31000000,97733.58000000,97806.03000000,96577.00000000
07/01/2025 18:00,96750.86000000,97277.32000000,97541.60000000,96600.00000000
07/01/2025 19:00,96451.98000000,96750.86000000,97200.01000000,96323.67000000
07/01/2025 20:00,96533.35000000,96451.99000000,96870.52000000,96181.81000000
07/01/2025 21:00,96501.22000000,96533.34000000,97094.19000000,96400.00000000
07/01/2025 22:00,97164.00000000,96501.23000000,97220.76000000,96412.00000000
07/01/2025 23:00,96954.61000000,97163.99000000,97169.65000000,96800.80000000
08/01/2025 00:00,97268.49000000,96954.60000000,97268.65000000,96707.77000000
08/01/2025 01:00,96907.15000000,97268.49000000,97268.50000000,96608.14000000
08/01/2025 02:00,96878.14000000,96907.16000000,97181.82000000,96778.57000000
08/01/2025 03:00,96525.20000000,96878.14000000,96878.14000000,96216.83000000
08/01/2025 04:00,96274.81000000,96525.20000000,96634.58000000,96057.48000000
08/01/2025 05:00,96492.01000000,96274.80000000,96654.61000000,96102.94000000
08/01/2025 06:00,95284.31000000,96492.01000000,96636.37000000,95259.30000000
08/01/2025 07:00,95657.09000000,95284.31000000,95815.52000000,95250.76000000
08/01/2025 08:00,95945.99000000,95657.09000000,96132.47000000,95528.56000000
08/01/2025 09:00,95432.82000000,95946.00000000,96098.10000000,95412.00000000
08/01/2025 10:00,95961.02000000,95432.83000000,96000.00000000,95432.43000000
08/01/2025 11:00,95134.92000000,95961.03000000,96052.00000000,94543.86000000
08/01/2025 12:00,94888.01000000,95134.92000000,95376.56000000,94852.23000000
08/01/2025 13:00,95384.00000000,94888.01000000,95679.69000000,94888.00000000
08/01/2025 14:00,95288.01000000,95384.01000000,95865.71000000,94888.88000000
08/01/2025 15:00,95493.77000000,95288.00000000,96079.32000000,94624.43000000
08/01/2025 16:00,94787.87000000,95493.77000000,95555.25000000,94556.21000000
08/01/2025 17:00,94030.82000000,94787.87000000,94847.99000000,92500.90000000
08/01/2025 18:00,94242.61000000,94030.81000000,95106.33000000,93753.99000000
08/01/2025 19:00,94243.89000000,94242.62000000,94859.54000000,94053.82000000
08/01/2025 20:00,93980.00000000,94243.89000000,94404.00000000,93755.48000000
08/01/2025 21:00,94468.97000000,93982.01000000,94596.00000000,93600.00000000
08/01/2025 22:00,95290.93000000,94468.97000000,95290.99000000,94460.86000000
08/01/2025 23:00,95060.61000000,95290.93000000,95310.94000000,94900.00000000
09/01/2025 00:00,95135.30000000,95060.61000000,95150.00000000,94809.07000000
09/01/2025 01:00,94983.82000000,95135.30000000,95382.32000000,94966.66000000
09/01/2025 02:00,94776.99000000,94983.82000000,95030.31000000,93422.89000000
09/01/2025 03:00,94027.90000000,94777.00000000,94800.69000000,94017.93000000
09/01/2025 04:00,94424.24000000,94027.91000000,94487.74000000,93796.99000000
09/01/2025 05:00,94472.58000000,94424.24000000,94566.64000000,94280.65000000
09/01/2025 06:00,94095.03000000,94472.59000000,94618.63000000,94048.07000000
09/01/2025 07:00,93221.59000000,94095.04000000,94299.22000000,93186.38000000
09/01/2025 08:00,93030.87000000,93221.59000000,93400.98000000,92750.00000000
09/01/2025 09:00,93516.62000000,93030.88000000,93787.75000000,92970.96000000
09/01/2025 10:00,93462.43000000,93516.63000000,93660.00000000,93016.55000000
09/01/2025 11:00,93465.23000000,93462.43000000,93877.46000000,93224.00000000
09/01/2025 12:00,93421.94000000,93465.23000000,93696.97000000,93155.25000000
09/01/2025 13:00,91986.42000000,93421.94000000,93486.19000000,91900.12000000
09/01/2025 14:00,92863.80000000,91986.41000000,92900.00000000,91800.00000000
09/01/2025 15:00,94244.02000000,92863.81000000,94588.23000000,92671.67000000
09/01/2025 16:00,94250.95000000,94244.02000000,94685.25000000,93846.15000000
09/01/2025 17:00,92693.11000000,94250.96000000,94293.96000000,92325.00000000
09/01/2025 18:00,93020.11000000,92693.11000000,93239.51000000,92403.77000000
09/01/2025 19:00,91909.59000000,93020.10000000,93291.96000000,91900.01000000
09/01/2025 20:00,91903.22000000,91909.59000000,92371.32000000,91203.67000000
09/01/2025 21:00,92108.84000000,91903.21000000,92497.66000000,91781.09000000
09/01/2025 22:00,92456.32000000,92108.84000000,92720.67000000,91624.00000000
09/01/2025 23:00,92552.49000000,92456.32000000,92689.38000000,92034.55000000
10/01/2025 00:00,92775.84000000,92552.49000000,92850.00000000,92431.73000000
10/01/2025 01:00,93102.52000000,92775.85000000,93159.16000000,92590.33000000
10/01/2025 02:00,93364.36000000,93102.52000000,93726.87000000,93033.50000000
10/01/2025 03:00,93696.13000000,93364.36000000,93727.83000000,93312.58000000
10/01/2025 04:00,93837.69000000,93696.13000000,93908.85000000,93500.00000000
10/01/2025 05:00,93956.83000000,93837.69000000,94250.07000000,93642.85000000
10/01/2025 06:00,94252.83000000,93956.83000000,94319.00000000,93733.83000000
10/01/2025 07:00,94492.63000000,94252.83000000,95000.00000000,94070.00000000
10/01/2025 08:00,94680.01000000,94492.62000000,94766.12000000,94388.50000000
10/01/2025 09:00,94793.08000000,94680.00000000,95000.55000000,94582.03000000
10/01/2025 10:00,95215.73000000,94793.07000000,95293.40000000,94757.57000000
10/01/2025 11:00,95073.95000000,95215.73000000,95267.16000000,94600.49000000
10/01/2025 12:00,95023.44000000,95073.95000000,95117.26000000,94702.49000000
10/01/2025 13:00,93557.23000000,95023.44000000,95046.00000000,92715.85000000
10/01/2025 14:00,94115.63000000,93557.23000000,94680.76000000,93379.93000000
10/01/2025 15:00,93730.92000000,94115.62000000,94524.00000000,92206.02000000
10/01/2025 16:00,93645.05000000,93730.93000000,94062.94000000,93177.40000000
10/01/2025 17:00,95793.05000000,93645.06000000,95836.00000000,93318.07000000
10/01/2025 18:00,94861.62000000,95793.04000000,95793.04000000,94581.87000000
10/01/2025 19:00,95327.06000000,94861.62000000,95386.74000000,94373.85000000
10/01/2025 20:00,94672.05000000,95327.07000000,95442.15000000,94586.02000000
10/01/2025 21:00,94613.26000000,94669.06000000,94923.05000000,94603.72000000
10/01/2025 22:00,94767.70000000,94613.26000000,94955.54000000,94586.03000000
10/01/2025 23:00,94726.11000000,94767.69000000,94894.81000000,94657.39000000
11/01/2025 00:00,94600.69000000,94726.10000000,94746.37000000,94360.65000000
11/01/2025 01:00,94424.26000000,94600.70000000,94696.97000000,94214.38000000
11/01/2025 02:00,94424.24000000,94424.26000000,94495.90000000,94180.00000000
11/01/2025 03:00,94206.95000000,94424.24000000,94429.84000000,94106.49000000
11/01/2025 04:00,94063.29000000,94206.96000000,94316.09000000,93831.73000000
11/01/2025 05:00,94366.69000000,94063.29000000,94381.08000000,94013.51000000
11/01/2025 06:00,94216.25000000,94366.70000000,94441.87000000,94216.25000000
11/01/2025 07:00,94246.36000000,94216.26000000,94333.34000000,94151.51000000
11/01/2025 08:00,94074.79000000,94246.36000000,94408.34000000,94031.22000000
11/01/2025 09:00,94329.45000000,94074.80000000,94329.80000000,94044.82000000
11/01/2025 10:00,94488.86000000,94329.46000000,94528.27000000,94300.01000000
11/01/2025 11:00,94625.65000000,94488.87000000,94791.67000000,94455.04000000
11/01/2025 12:00,94550.01000000,94625.66000000,94655.20000000,94528.01000000
11/01/2025 13:00,94400.01000000,94550.00000000,94606.11000000,94342.63000000
11/01/2025 14:00,94620.00000000,94400.01000000,94638.44000000,94307.25000000
11/01/2025 15:00,94410.26000000,94620.00000000,94647.05000000,94377.57000000
11/01/2025 16:00,94448.14000000,94410.26000000,94708.12000000,94312.56000000
11/01/2025 17:00,94151.52000000,94448.14000000,94448.14000000,93984.55000000
11/01/2025 18:00,94275.79000000,94151.51000000,94306.62000000,94121.00000000
11/01/2025 19:00,94249.26000000,94275.79000000,94327.40000000,94084.64000000
11/01/2025 20:00,94586.11000000,94249.27000000,94668.31000000,94200.89000000
11/01/2025 21:00,94940.76000000,94586.12000000,95050.94000000,94575.75000000
11/01/2025 22:00,94593.80000000,94940.75000000,95005.00000000,94561.00000000
11/01/2025 23:00,94599.99000000,94593.80000000,94753.37000000,94541.66000000
12/01/2025 00:00,94452.07000000,94599.99000000,94655.22000000,94422.13000000
12/01/2025 01:00,94580.00000000,94452.08000000,94589.46000000,94296.99000000
12/01/2025 02:00,94625.25000000,94580.00000000,94670.00000000,94480.58000000
12/01/2025 03:00,94622.40000000,94625.25000000,94699.00000000,94418.56000000
12/01/2025 04:00,94587.99000000,94622.40000000,94650.00000000,94500.00000000
12/01/2025 05:00,94571.43000000,94587.99000000,94627.80000000,94500.00000000
12/01/2025 06:00,94381.78000000,94571.43000000,94616.00000000,94357.14000000
12/01/2025 07:00,94323.85000000,94381.78000000,94441.42000000,94274.01000000
12/01/2025 08:00,94170.01000000,94323.85000000,94393.57000000,94109.00000000
12/01/2025 09:00,93906.22000000,94170.01000000,94222.41000000,93711.19000000
12/01/2025 10:00,94015.16000000,93906.21000000,94056.04000000,93836.51000000
12/01/2025 11:00,94255.10000000,94015.17000000,94348.64000000,94015.16000000
12/01/2025 12:00,94328.20000000,94255.10000000,94600.00000000,94173.48000000
12/01/2025 13:00,94663.78000000,94328.21000000,94730.04000000,94303.03000000
12/01/2025 14:00,94811.00000000,94663.77000000,94994.49000000,94663.77000000
12/01/2025 15:00,95071.90000000,94811.00000000,95450.10000000,94675.54000000
12/01/2025 16:00,95046.76000000,95071.91000000,95131.05000000,94791.43000000
12/01/2025 17:00,95139.45000000,95046.76000000,95271.56000000,94984.36000000
12/01/2025 18:00,94992.64000000,95139.46000000,95314.12000000,94916.00000000
12/01/2025 19:00,94650.26000000,94992.65000000,95055.93000000,94578.54000000
12/01/2025 20:00,94687.69000000,94650.26000000,94800.00000000,94612.00000000
12/01/2025 21:00,94352.70000000,94687.69000000,94727.28000000,94302.90000000
12/01/2025 22:00,93962.91000000,94352.70000000,94362.92000000,93800.00000000
12/01/2025 23:00,94545.06000000,93962.91000000,94563.82000000,93946.96000000
13/01/2025 00:00,95325.43000000,94545.07000000,95940.00000000,94463.32000000
13/01/2025 01:00,94218.01000000,95325.43000000,95400.00000000,94081.38000000
13/01/2025 02:00,94217.43000000,94218.01000000,94500.00000000,93899.99000000
13/01/2025 03:00,94269.23000000,94217.43000000,94408.17000000,93972.54000000
13/01/2025 04:00,94503.34000000,94269.23000000,94913.03000000,94202.76000000
13/01/2025 05:00,94181.37000000,94503.34000000,94543.28000000,94045.45000000
13/01/2025 06:00,93637.37000000,94181.37000000,94327.35000000,93281.00000000
13/01/2025 07:00,93590.24000000,93637.38000000,93947.30000000,93469.20000000
13/01/2025 08:00,93039.10000000,93590.24000000,93661.55000000,92904.35000000
13/01/2025 09:00,92846.79000000,93039.11000000,93195.99000000,92644.11000000
13/01/2025 10:00,91644.96000000,92846.79000000,92889.06000000,91372.17000000
13/01/2025 11:00,90851.22000000,91644.96000000,91776.04000000,90833.12000000
13/01/2025 12:00,90732.00000000,90851.23000000,91350.00000000,90300.00000000
13/01/2025 13:00,91131.41000000,90732.00000000,91780.00000000,90583.24000000
13/01/2025 14:00,91833.03000000,91131.41000000,92300.00000000,89256.69000000
13/01/2025 15:00,92123.75000000,91833.03000000,93100.00000000,91570.00000000
13/01/2025 16:00,91343.20000000,92123.75000000,92289.07000000,91250.00000000
13/01/2025 17:00,91983.96000000,91343.21000000,92300.00000000,91250.00000000
13/01/2025 18:00,92077.65000000,91983.96000000,92405.39000000,91593.85000000
13/01/2025 19:00,92312.18000000,92077.65000000,92534.10000000,91600.00000000
13/01/2025 20:00,93575.53000000,92312.18000000,93783.12000000,91908.20000000
13/01/2025 21:00,94193.49000000,93575.53000000,94472.00000000,93401.84000000
13/01/2025 22:00,94399.98000000,94193.49000000,94727.15000000,94152.00000000
13/01/2025 23:00,94536.10000000,94399.99000000,94612.70000000,94164.77000000
14/01/2025 00:00,94470.77000000,94536.11000000,94880.00000000,94346.22000000
14/01/2025 01:00,94834.50000000,94470.76000000,95041.17000000,94462.59000000
14/01/2025 02:00,94882.65000000,94834.50000000,95280.80000000,94749.57000000
14/01/2025 03:00,94861.40000000,94882.65000000,95112.61000000,94828.46000000
14/01/2025 04:00,95119.19000000,94861.39000000,95149.32000000,94830.25000000
14/01/2025 05:00,94916.08000000,95119.18000000,95464.71000000,94861.39000000
14/01/2025 06:00,95031.94000000,94916.08000000,95031.94000000,94753.42000000
14/01/2025 07:00,94864.00000000,95031.93000000,95168.60000000,94838.56000000
14/01/2025 08:00,95488.50000000,94863.99000000,95819.70000000,94860.11000000
14/01/2025 09:00,97159.44000000,95488.51000000,97371.00000000,95469.51000000
14/01/2025 10:00,96697.08000000,97159.43000000,97194.26000000,96579.31000000
14/01/2025 11:00,96548.04000000,96686.09000000,96687.15000000,96336.92000000
14/01/2025 12:00,95988.00000000,96548.04000000,96700.00000000,95972.58000000
14/01/2025 13:00,96336.00000000,95988.01000000,97263.02000000,95748.93000000
14/01/2025 14:00,96293.60000000,96336.00000000,97265.48000000,96029.73000000
14/01/2025 15:00,96471.65000000,96293.61000000,96974.82000000,96184.02000000
14/01/2025 16:00,95745.43000000,96471.65000000,96471.66000000,95351.76000000
14/01/2025 17:00,96527.96000000,95745.42000000,96550.46000000,95584.83000000
14/01/2025 18:00,96777.80000000,96527.96000000,96958.97000000,96290.85000000
14/01/2025 19:00,96537.80000000,96777.79000000,97088.57000000,96466.03000000
14/01/2025 20:00,96505.04000000,96537.23000000,96921.13000000,96152.31000000
14/01/2025 21:00,96486.09000000,96505.98000000,96678.18000000,96315.38000000
14/01/2025 22:00,96691.91000000,96486.10000000,96741.95000000,96450.00000000
14/01/2025 23:00,96560.86000000,96691.91000000,96780.02000000,96500.49000000
15/01/2025 00:00,96889.36000000,96560.85000000,97332.52000000,96500.00000000
15/01/2025 01:00,97349.62000000,96889.36000000,97554.63000000,96789.38000000
15/01/2025 02:00,96824.06000000,97349.61000000,97464.80000000,96746.71000000
15/01/2025 03:00,97317.12000000,96824.06000000,97324.00000000,96751.47000000
15/01/2025 04:00,97189.71000000,97317.12000000,97724.96000000,97072.70000000
15/01/2025 05:00,97029.97000000,97189.71000000,97242.29000000,96750.00000000
15/01/2025 06:00,97105.48000000,97029.97000000,97147.95000000,96851.50000000
15/01/2025 07:00,97301.35000000,97105.48000000,97600.31000000,97105.47000000
15/01/2025 08:00,97202.26000000,97301.35000000,97524.00000000,97153.48000000
15/01/2025 09:00,96816.47000000,97202.27000000,97366.11000000,96766.57000000
15/01/2025 10:00,96933.59000000,96816.47000000,97136.28000000,96721.39000000
15/01/2025 11:00,96762.18000000,96933.59000000,96942.37000000,96521.00000000
15/01/2025 12:00,96942.93000000,96762.19000000,97194.35000000,96539.77000000
15/01/2025 13:00,98964.00000000,96942.92000000,99073.39000000,96852.38000000
15/01/2025 14:00,99434.41000000,98963.99000000,99499.00000000,98613.99000000
15/01/2025 15:00,98992.42000000,99434.80000000,99799.98000000,98964.71000000
15/01/2025 16:00,98995.58000000,98992.42000000,99479.53000000,98888.98000000
15/01/2025 17:00,98645.65000000,98995.58000000,99335.91000000,98602.05000000
15/01/2025 18:00,99446.14000000,98645.65000000,99483.87000000,98645.65000000
15/01/2025 19:00,99844.90000000,99446.15000000,99990.00000000,99297.41000000
15/01/2025 20:00,99566.40000000,99844.91000000,100681.94000000,99460.80000000
15/01/2025 21:00,99672.00000000,99566.34000000,99876.40000000,99476.16000000
15/01/2025 22:00,99713.46000000,99671.99000000,99838.28000000,99564.00000000
15/01/2025 23:00,100497.35000000,99713.45000000,100510.05000000,99632.73000000
16/01/2025 00:00,99869.26000000,100497.35000000,100866.66000000,99658.78000000
16/01/2025 01:00,100082.35000000,99869.26000000,100200.00000000,99814.91000000
16/01/2025 02:00,99637.77000000,100082.35000000,100112.00000000,99471.48000000
16/01/2025 03:00,99478.03000000,99637.78000000,99848.00000000,99170.00000000
16/01/2025 04:00,99610.00000000,99478.04000000,99698.70000000,99478.03000000
16/01/2025 05:00,99382.11000000,99610.00000000,99613.99000000,99355.23000000
16/01/2025 06:00,99801.23000000,99382.11000000,99921.86000000,99322.19000000
16/01/2025 07:00,99799.99000000,99801.22000000,99850.00000000,99650.33000000
16/01/2025 08:00,98955.80000000,99800.00000000,99820.00000000,98617.55000000
16/01/2025 09:00,99152.93000000,98955.81000000,99315.00000000,98649.41000000
16/01/2025 10:00,99214.25000000,99152.93000000,99405.74000000,99122.07000000
16/01/2025 11:00,99158.71000000,99214.26000000,99333.24000000,98699.99000000
16/01/2025 12:00,99392.09000000,99158.70000000,99517.93000000,98886.95000000
16/01/2025 13:00,99084.04000000,99392.09000000,99461.93000000,98777.87000000
16/01/2025 14:00,97618.89000000,99084.05000000,99424.96000000,97489.74000000
16/01/2025 15:00,99296.17000000,97618.88000000,99299.00000000,97335.13000000
16/01/2025 16:00,99346.39000000,99296.17000000,99873.37000000,99079.05000000
16/01/2025 17:00,99838.54000000,99346.39000000,100361.54000000,99178.30000000
16/01/2025 18:00,99584.24000000,99838.55000000,100070.80000000,99260.45000000
16/01/2025 19:00,100417.20000000,99584.23000000,100448.72000000,99408.00000000
16/01/2025 20:00,100343.99000000,100417.20000000,100641.99000000,100256.85000000
16/01/2025 21:00,100156.98000000,100344.00000000,100399.33000000,99717.60000000
16/01/2025 22:00,99838.25000000,100156.98000000,100156.98000000,99377.00000000
16/01/2025 23:00,99987.30000000,99838.25000000,100115.87000000,99746.00000000
17/01/2025 00:00,100120.58000000,99987.30000000,100434.96000000,99950.77000000
17/01/2025 01:00,101659.80000000,100120.58000000,101833.28000000,100050.00000000
17/01/2025 02:00,101100.00000000,101659.80000000,102148.13000000,100780.54000000
17/01/2025 03:00,101051.73000000,101100.00000000,101271.74000000,100943.77000000
17/01/2025 04:00,101481.29000000,101051.73000000,101490.78000000,100952.10000000
17/01/2025 05:00,101334.05000000,101481.28000000,101782.02000000,101301.40000000
17/01/2025 06:00,101408.99000000,101334.06000000,101586.96000000,101302.60000000
17/01/2025 07:00,101440.50000000,101409.00000000,101899.49000000,101401.00000000
17/01/2025 08:00,102136.01000000,101440.51000000,102220.14000000,101439.77000000
17/01/2025 09:00,101861.26000000,102136.00000000,102288.00000000,101743.19000000
17/01/2025 10:00,102321.53000000,101861.26000000,102581.45000000,101794.14000000
17/01/2025 11:00,102237.60000000,102321.54000000,102443.50000000,102082.64000000
17/01/2025 12:00,102745.69000000,102237.60000000,102959.66000000,102195.90000000
17/01/2025 13:00,102474.14000000,102745.68000000,102980.00000000,102422.45000000
17/01/2025 14:00,103378.95000000,102474.14000000,103395.47000000,102279.41000000
17/01/2025 15:00,104000.00000000,103379.23000000,104254.19000000,103285.79000000
17/01/2025 16:00,104972.81000000,104000.00000000,105000.00000000,103841.18000000
17/01/2025 17:00,104125.46000000,104972.81000000,105269.24000000,104025.49000000
17/01/2025 18:00,104835.68000000,104125.46000000,104946.01000000,104039.05000000
17/01/2025 19:00,105834.93000000,104835.68000000,105865.22000000,104684.21000000
17/01/2025 20:00,104692.70000000,105834.93000000,105847.02000000,104539.18000000
17/01/2025 21:00,104604.49000000,104692.70000000,105041.05000000,104462.02000000
17/01/2025 22:00,104410.39000000,104604.49000000,104694.42000000,104204.00000000
17/01/2025 23:00,104077.48000000,104410.40000000,104526.32000000,104065.25000000
18/01/2025 00:00,104656.87000000,104077.47000000,104656.87000000,104075.34000000
18/01/2025 01:00,104268.14000000,104656.87000000,104656.87000000,104082.19000000
18/01/2025 02:00,104327.98000000,104268.14000000,104500.00000000,104259.98000000
18/01/2025 03:00,103559.82000000,104327.99000000,104479.31000000,103000.25000000
18/01/2025 04:00,103599.27000000,103559.82000000,103726.23000000,102666.55000000
18/01/2025 05:00,102829.27000000,103599.27000000,103771.21000000,102818.00000000
18/01/2025 06:00,103440.39000000,102829.27000000,103636.91000000,102822.16000000
18/01/2025 07:00,102821.75000000,103440.39000000,103488.90000000,102602.48000000
18/01/2025 08:00,103272.00000000,102821.75000000,103344.70000000,102277.55000000
18/01/2025 09:00,103159.29000000,103271.99000000,103455.89000000,103059.11000000
18/01/2025 10:00,103184.64000000,103159.29000000,103294.35000000,102828.95000000
18/01/2025 11:00,103589.29000000,103184.64000000,103883.01000000,102932.01000000
18/01/2025 12:00,103457.34000000,103589.29000000,104035.28000000,103372.08000000
18/01/2025 13:00,104365.81000000,103457.34000000,104395.92000000,103107.65000000
18/01/2025 14:00,103993.03000000,104365.81000000,104562.50000000,103722.00000000
18/01/2025 15:00,104568.96000000,103993.02000000,104988.88000000,103761.05000000
18/01/2025 16:00,103253.66000000,104568.96000000,104719.29000000,103156.02000000
18/01/2025 17:00,103826.16000000,103253.65000000,104207.97000000,103253.65000000
18/01/2025 18:00,104084.74000000,103826.16000000,104395.92000000,103779.76000000
18/01/2025 19:00,104382.01000000,104084.74000000,104486.93000000,104080.71000000
18/01/2025 20:00,104035.42000000,104382.00000000,104488.00000000,103765.44000000
18/01/2025 21:00,103889.29000000,104035.42000000,104276.34000000,103878.87000000
18/01/2025 22:00,104291.30000000,103888.96000000,104307.00000000,103860.91000000
18/01/2025 23:00,104556.23000000,104291.30000000,104750.00000000,104291.30000000
19/01/2025 00:00,104108.00000000,104556.23000000,104556.23000000,104108.00000000
19/01/2025 01:00,104486.83000000,104108.01000000,104684.22000000,104013.51000000
19/01/2025 02:00,104877.96000000,104486.83000000,105458.55000000,104486.83000000
19/01/2025 03:00,104984.01000000,104877.97000000,105183.51000000,104560.00000000
19/01/2025 04:00,105032.03000000,104984.01000000,105267.67000000,104676.48000000
19/01/2025 05:00,105116.52000000,105032.04000000,105131.70000000,104191.19000000
19/01/2025 06:00,105568.29000000,105116.51000000,105634.78000000,105030.00000000
19/01/2025 07:00,105167.12000000,105568.29000000,105594.63000000,104960.26000000
19/01/2025 08:00,104428.24000000,105167.11000000,105167.12000000,104305.36000000
19/01/2025 09:00,105299.81000000,104428.23000000,105496.03000000,103450.69000000
19/01/2025 10:00,104823.86000000,105299.81000000,105299.81000000,104405.13000000
19/01/2025 11:00,104363.23000000,104823.86000000,105350.00000000,104209.56000000
19/01/2025 12:00,104936.54000000,104363.24000000,105040.30000000,104300.75000000
19/01/2025 13:00,104964.71000000,104936.54000000,105321.87000000,104850.58000000
19/01/2025 14:00,105160.00000000,104964.72000000,105706.48000000,104789.60000000
19/01/2025 15:00,104936.35000000,105159.99000000,105247.40000000,104500.01000000
19/01/2025 16:00,104963.11000000,104936.35000000,105228.27000000,104725.68000000
19/01/2025 17:00,105115.80000000,104963.11000000,105148.42000000,104520.01000000
19/01/2025 18:00,105042.90000000,105115.80000000,105250.00000000,104902.27000000
19/01/2025 19:00,106200.00000000,105042.90000000,106200.74000000,104967.66000000
19/01/2025 20:00,106275.49000000,106200.00000000,106422.43000000,105486.00000000
19/01/2025 21:00,103684.44000000,106275.49000000,106368.33000000,103684.21000000
19/01/2025 22:00,103414.00000000,103684.43000000,104500.00000000,101104.71000000
19/01/2025 23:00,101331.57000000,103414.00000000,103414.00000000,99651.60000000
20/01/2025 00:00,99794.51000000,101331.57000000,101677.71000000,99550.00000000
20/01/2025 01:00,100692.82000000,99794.51000000,100999.99000000,99629.86000000
20/01/2025 02:00,101926.42000000,100692.82000000,102321.42000000,100600.00000000
20/01/2025 03:00,101891.93000000,101926.56000000,102211.08000000,101411.20000000
20/01/2025 04:00,102232.34000000,101891.94000000,102800.27000000,101535.28000000
20/01/2025 05:00,102344.20000000,102232.34000000,102825.73000000,102127.99000000
20/01/2025 06:00,107486.50000000,102344.20000000,109588.00000000,102220.80000000
20/01/2025 07:00,107120.65000000,107482.36000000,109499.99000000,106923.00000000
20/01/2025 08:00,108320.01000000,107120.65000000,108381.92000000,107093.33000000
20/01/2025 09:00,108132.05000000,108320.00000000,109193.23000000,107548.00000000
20/01/2025 10:00,107964.56000000,108132.05000000,108731.92000000,107769.18000000
20/01/2025 11:00,108239.19000000,107964.56000000,108550.00000000,107780.51000000
20/01/2025 12:00,106917.59000000,108239.19000000,108700.01000000,105472.95000000
20/01/2025 13:00,107956.31000000,106918.83000000,108125.00000000,106651.11000000
20/01/2025 14:00,107866.65000000,107956.31000000,108130.08000000,107277.28000000
20/01/2025 15:00,104957.99000000,107866.65000000,107990.00000000,104480.00000000
20/01/2025 16:00,106670.38000000,104957.99000000,107050.00000000,103708.00000000
20/01/2025 17:00,102963.32000000,106670.37000000,106778.05000000,100333.00000000
20/01/2025 18:00,103930.66000000,102963.31000000,104469.15000000,102738.23000000
20/01/2025 19:00,103691.63000000,103930.66000000,103964.43000000,102733.77000000
20/01/2025 20:00,103647.16000000,103691.64000000,104331.00000000,103352.00000000
20/01/2025 21:00,102596.00000000,103647.16000000,104080.00000000,102562.99000000
20/01/2025 22:00,103608.00000000,102596.00000000,103815.98000000,101846.15000000
20/01/2025 23:00,102260.01000000,103607.99000000,103728.52000000,101701.01000000
21/01/2025 00:00,101187.75000000,102260.00000000,102672.00000000,101086.12000000
21/01/2025 01:00,101498.24000000,101187.75000000,102233.26000000,100119.04000000
21/01/2025 02:00,102545.56000000,101498.23000000,102763.33000000,101064.87000000
21/01/2025 03:00,102936.01000000,102545.57000000,103260.10000000,102300.00000000
21/01/2025 04:00,102344.20000000,102936.01000000,102974.14000000,101928.58000000
21/01/2025 05:00,101365.98000000,102344.21000000,102527.39000000,101339.49000000
21/01/2025 06:00,102176.04000000,101365.98000000,102186.15000000,101111.68000000
21/01/2025 07:00,101989.05000000,102176.04000000,102480.00000000,101799.57000000
21/01/2025 08:00,102466.81000000,101989.06000000,102496.74000000,101740.82000000
21/01/2025 09:00,102707.08000000,102466.82000000,102894.29000000,102072.13000000
21/01/2025 10:00,103160.85000000,102707.07000000,103364.74000000,102582.00000000
21/01/2025 11:00,103758.25000000,103160.85000000,103973.02000000,103073.86000000
21/01/2025 12:00,104519.98000000,103758.25000000,104708.41000000,103610.77000000
21/01/2025 13:00,104457.07000000,104519.98000000,104999.99000000,104149.18000000
21/01/2025 14:00,103260.91000000,104457.08000000,105320.00000000,103001.00000000
21/01/2025 15:00,103943.00000000,103260.90000000,104109.98000000,102803.43000000
21/01/2025 16:00,104965.99000000,103942.99000000,106500.99000000,103822.02000000
21/01/2025 17:00,106173.26000000,104965.99000000,106400.00000000,104888.24000000
21/01/2025 18:00,106861.18000000,106173.27000000,107240.81000000,105892.00000000
21/01/2025 19:00,107031.34000000,106861.18000000,107150.00000000,106263.84000000
21/01/2025 20:00,106137.51000000,107031.34000000,107199.99000000,105924.24000000
21/01/2025 21:00,106772.23000000,106137.51000000,106814.37000000,105772.00000000
21/01/2025 22:00,105996.01000000,106772.23000000,106772.24000000,105971.99000000
21/01/2025 23:00,106143.82000000,105996.01000000,106284.00000000,105420.00000000
22/01/2025 00:00,105948.00000000,106143.82000000,106322.00000000,105807.08000000
22/01/2025 01:00,105799.99000000,105948.01000000,106394.46000000,105448.99000000
22/01/2025 02:00,105583.89000000,105800.00000000,106202.82000000,105556.05000000
22/01/2025 03:00,105600.01000000,105583.90000000,105912.18000000,105583.89000000
22/01/2025 04:00,105578.41000000,105600.01000000,105812.00000000,105277.24000000
22/01/2025 05:00,105689.15000000,105578.41000000,105882.89000000,105498.83000000
22/01/2025 06:00,105379.81000000,105689.15000000,105952.00000000,105186.71000000
22/01/2025 07:00,105084.77000000,105379.82000000,105678.57000000,105043.88000000
22/01/2025 08:00,105270.03000000,105084.77000000,105343.28000000,104700.00000000
22/01/2025 09:00,104984.83000000,105270.03000000,105270.03000000,104916.43000000
22/01/2025 10:00,105142.76000000,104984.82000000,105161.76000000,104647.75000000
22/01/2025 11:00,105100.39000000,105142.14000000,105464.83000000,104758.62000000
22/01/2025 12:00,105275.86000000,105100.38000000,105584.23000000,105060.35000000
22/01/2025 13:00,104073.94000000,105275.87000000,105363.76000000,103768.14000000
22/01/2025 14:00,104393.66000000,104074.43000000,104949.00000000,103662.58000000
22/01/2025 15:00,104180.01000000,104393.67000000,105148.95000000,103982.00000000
22/01/2025 16:00,103704.64000000,104180.01000000,104232.64000000,103339.12000000
22/01/2025 17:00,104345.80000000,103704.65000000,104604.76000000,103665.73000000
22/01/2025 18:00,103896.01000000,104345.80000000,104684.00000000,103756.48000000
22/01/2025 19:00,104630.00000000,103896.01000000,104754.64000000,103853.66000000
22/01/2025 20:00,104321.10000000,104630.00000000,104830.12000000,104070.61000000
22/01/2025 21:00,104088.03000000,104321.11000000,104369.12000000,103611.66000000
22/01/2025 22:00,103866.79000000,104086.95000000,104514.80000000,103770.01000000
22/01/2025 23:00,103706.66000000,103866.79000000,104143.99000000,103654.00000000
23/01/2025 00:00,103307.51000000,103706.66000000,103819.99000000,103052.82000000
23/01/2025 01:00,102931.94000000,103307.51000000,103653.84000000,102588.15000000
23/01/2025 02:00,102655.34000000,102931.94000000,102983.39000000,102100.00000000
23/01/2025 03:00,102461.25000000,102655.34000000,103007.75000000,102197.34000000
23/01/2025 04:00,102075.22000000,102461.24000000,102493.15000000,101575.50000000
23/01/2025 05:00,102532.52000000,102075.21000000,102639.36000000,102000.00000000
23/01/2025 06:00,102256.70000000,102532.52000000,102968.31000000,102209.23000000
23/01/2025 07:00,102710.27000000,102256.71000000,102803.20000000,102084.51000000
23/01/2025 08:00,102215.75000000,102710.28000000,102724.94000000,102060.00000000
23/01/2025 09:00,101672.01000000,102215.75000000,102467.73000000,101650.00000000
23/01/2025 10:00,101683.61000000,101672.00000000,102072.72000000,101262.28000000
23/01/2025 11:00,101944.49000000,101683.61000000,102195.03000000,101683.60000000
23/01/2025 12:00,101635.58000000,101944.50000000,102135.05000000,101401.31000000
23/01/2025 13:00,102512.28000000,101635.59000000,102709.93000000,101281.62000000
23/01/2025 14:00,105213.50000000,102512.28000000,106050.86000000,101989.81000000
23/01/2025 15:00,105263.52000000,105213.60000000,105792.00000000,102643.49000000
23/01/2025 16:00,105139.18000000,105263.52000000,106850.00000000,105028.00000000
23/01/2025 17:00,105927.78000000,105139.18000000,106230.42000000,104211.00000000
23/01/2025 18:00,105424.39000000,105927.78000000,106142.46000000,105100.00000000
23/01/2025 19:00,103770.04000000,105424.39000000,105514.73000000,103399.98000000
23/01/2025 20:00,103284.48000000,103770.05000000,106421.03000000,102559.20000000
23/01/2025 21:00,103079.08000000,103284.01000000,103410.57000000,102195.70000000
23/01/2025 22:00,103978.82000000,103079.08000000,104700.00000000,102981.07000000
23/01/2025 23:00,103910.34000000,103978.82000000,104544.48000000,103776.06000000
24/01/2025 00:00,103446.62000000,103910.35000000,104157.98000000,103424.58000000
24/01/2025 01:00,103234.30000000,103446.62000000,103900.00000000,103039.87000000
24/01/2025 02:00,103016.01000000,103234.30000000,103545.39000000,102956.72000000
24/01/2025 03:00,103891.75000000,103016.00000000,104298.00000000,102750.00000000
24/01/2025 04:00,104631.99000000,103891.75000000,104924.40000000,103804.77000000
24/01/2025 05:00,105222.15000000,104631.98000000,105262.13000000,104543.21000000
24/01/2025 06:00,104991.01000000,105222.15000000,105355.00000000,104628.00000000
24/01/2025 07:00,105046.80000000,104991.01000000,105181.82000000,104660.00000000
24/01/2025 08:00,105500.76000000,105046.79000000,105650.00000000,104922.41000000
24/01/2025 09:00,105146.67000000,105500.76000000,105759.00000000,105053.80000000
24/01/2025 10:00,105416.75000000,105146.67000000,105428.00000000,105051.46000000
24/01/2025 11:00,105420.10000000,105416.75000000,105527.69000000,105214.15000000
24/01/2025 12:00,105526.58000000,105420.11000000,105586.29000000,105183.65000000
24/01/2025 13:00,105118.07000000,105526.58000000,105793.61000000,104982.03000000
24/01/2025 14:00,105758.00000000,105118.06000000,106321.66000000,104669.17000000
24/01/2025 15:00,105859.98000000,105758.00000000,105990.50000000,105259.49000000
24/01/2025 16:00,105645.89000000,105859.99000000,106174.99000000,105589.00000000
24/01/2025 17:00,106458.46000000,105645.88000000,106699.99000000,105612.00000000
24/01/2025 18:00,106327.72000000,106458.47000000,107120.00000000,106056.95000000
24/01/2025 19:00,105760.94000000,106327.31000000,106606.01000000,105687.00000000
24/01/2025 20:00,104859.11000000,105760.93000000,105781.00000000,104736.84000000
24/01/2025 21:00,105124.61000000,104859.40000000,105391.47000000,104859.40000000
24/01/2025 22:00,104777.25000000,105124.61000000,105477.00000000,104706.08000000
24/01/2025 23:00,104870.50000000,104777.25000000,104925.20000000,104456.89000000
25/01/2025 00:00,104419.59000000,104870.51000000,104870.51000000,104361.89000000
25/01/2025 01:00,104738.00000000,104419.58000000,104815.01000000,104380.15000000
25/01/2025 02:00,104559.54000000,104738.01000000,104830.27000000,104473.67000000
25/01/2025 03:00,105202.40000000,104559.54000000,105280.82000000,104461.00000000
25/01/2025 04:00,104648.00000000,105202.40000000,105202.40000000,104620.00000000
25/01/2025 05:00,104365.97000000,104647.99000000,104701.18000000,104236.95000000
25/01/2025 06:00,104308.00000000,104365.96000000,104480.00000000,104216.81000000
25/01/2025 07:00,104385.98000000,104308.00000000,104523.25000000,104287.24000000
25/01/2025 08:00,104341.98000000,104385.99000000,104497.54000000,104135.71000000
25/01/2025 09:00,104366.63000000,104341.99000000,104450.48000000,104276.41000000
25/01/2025 10:00,104540.00000000,104366.62000000,104661.04000000,104106.09000000
25/01/2025 11:00,104670.99000000,104540.00000000,104700.01000000,104391.27000000
25/01/2025 12:00,104753.07000000,104670.99000000,104792.00000000,104456.00000000
25/01/2025 13:00,104717.04000000,104753.08000000,104868.00000000,104629.31000000
25/01/2025 14:00,104600.01000000,104717.05000000,104721.99000000,104473.16000000
25/01/2025 15:00,104897.79000000,104600.00000000,105111.11000000,104594.01000000
25/01/2025 16:00,104654.90000000,104897.79000000,104989.49000000,104591.67000000
25/01/2025 17:00,104899.71000000,104654.91000000,104934.39000000,104449.75000000
25/01/2025 18:00,104983.49000000,104899.72000000,105286.52000000,104843.25000000
25/01/2025 19:00,105055.16000000,104983.50000000,105187.50000000,104909.09000000
25/01/2025 20:00,104965.71000000,105055.16000000,105200.00000000,104965.70000000
25/01/2025 21:00,105102.84000000,104965.71000000,105123.50000000,104866.66000000
25/01/2025 22:00,105077.54000000,105102.84000000,105250.00000000,105004.53000000
25/01/2025 23:00,104746.85000000,105077.54000000,105134.90000000,104696.00000000
26/01/2025 00:00,104599.96000000,104746.86000000,104841.84000000,104515.44000000
26/01/2025 01:00,104621.37000000,104599.95000000,104772.00000000,104503.70000000
26/01/2025 02:00,104696.25000000,104621.37000000,104718.16000000,104520.03000000
26/01/2025 03:00,105062.42000000,104696.25000000,105273.24000000,104696.24000000
26/01/2025 04:00,105174.27000000,105062.41000000,105500.00000000,104978.82000000
26/01/2025 05:00,105094.12000000,105174.28000000,105200.00000000,105013.60000000
26/01/2025 06:00,104990.75000000,105094.13000000,105118.78000000,104959.20000000
26/01/2025 07:00,104998.35000000,104990.75000000,105100.00000000,104950.00000000
26/01/2025 08:00,105030.40000000,104998.36000000,105221.36000000,104863.31000000
26/01/2025 09:00,104630.03000000,105030.40000000,105030.41000000,104444.01000000
26/01/2025 10:00,104715.29000000,104630.02000000,104722.90000000,104500.00000000
26/01/2025 11:00,104818.69000000,104715.29000000,104847.69000000,104662.05000000
26/01/2025 12:00,104890.00000000,104818.68000000,104890.00000000,104703.58000000
26/01/2025 13:00,104961.73000000,104890.00000000,105126.11000000,104838.43000000
26/01/2025 14:00,104944.00000000,104961.74000000,105003.54000000,104804.00000000
26/01/2025 15:00,104967.01000000,104944.00000000,105093.22000000,104887.70000000
26/01/2025 16:00,104938.02000000,104967.02000000,105040.64000000,104896.00000000
26/01/2025 17:00,104945.11000000,104938.01000000,105050.00000000,104912.53000000
26/01/2025 18:00,105175.11000000,104945.12000000,105260.36000000,104906.89000000
26/01/2025 19:00,105081.63000000,105175.11000000,105240.00000000,105040.00000000
26/01/2025 20:00,104949.99000000,105081.64000000,105200.00000000,104918.52000000
26/01/2025 21:00,104557.19000000,104949.99000000,105006.00000000,104552.48000000
26/01/2025 22:00,104330.22000000,104557.19000000,104730.98000000,104300.01000000
26/01/2025 23:00,102620.00000000,104330.21000000,104330.21000000,102520.44000000
27/01/2025 00:00,101728.00000000,102620.01000000,103260.00000000,101600.00000000
27/01/2025 01:00,101308.29000000,101728.00000000,102085.04000000,101168.80000000
27/01/2025 02:00,101000.00000000,101308.29000000,101688.00000000,100835.25000000
27/01/2025 03:00,101395.64000000,100999.99000000,101858.19000000,100720.53000000
27/01/2025 04:00,100410.04000000,101395.64000000,101399.99000000,100227.01000000
27/01/2025 05:00,100374.08000000,100410.04000000,100732.00000000,99713.37000000
27/01/2025 06:00,98956.32000000,100374.07000000,100491.99000000,98721.00000000
27/01/2025 07:00,99048.02000000,98956.31000000,99415.92000000,97777.77000000
27/01/2025 08:00,99043.77000000,99048.01000000,99367.73000000,98700.00000000
27/01/2025 09:00,99424.38000000,99043.78000000,99533.33000000,98800.00000000
27/01/2025 10:00,98392.74000000,99424.37000000,99454.76000000,98263.49000000
27/01/2025 11:00,98761.13000000,98392.74000000,99362.03000000,98324.01000000
27/01/2025 12:00,100619.68000000,98761.12000000,100910.27000000,98714.28000000
27/01/2025 13:00,100483.99000000,100619.68000000,101666.66000000,100000.00000000
27/01/2025 14:00,101920.89000000,100483.98000000,102317.94000000,100105.54000000
27/01/2025 15:00,101112.03000000,101920.88000000,102118.49000000,100852.00000000
27/01/2025 16:00,99744.00000000,101112.03000000,101250.56000000,99566.25000000
27/01/2025 17:00,99150.01000000,99744.00000000,100050.02000000,99049.98000000
27/01/2025 18:00,99180.00000000,99150.01000000,99753.89000000,98864.00000000
27/01/2025 19:00,99700.02000000,99180.00000000,99952.00000000,99175.03000000
27/01/2025 20:00,101386.50000000,99700.01000000,101750.40000000,99606.46000000
27/01/2025 21:00,101349.67000000,101386.11000000,102405.00000000,100954.00000000
27/01/2025 22:00,101637.18000000,101349.67000000,101961.09000000,101277.77000000
27/01/2025 23:00,102082.83000000,101637.18000000,102183.21000000,101637.18000000
28/01/2025 00:00,101856.01000000,102082.83000000,102892.00000000,101777.00000000
28/01/2025 01:00,101382.67000000,101856.00000000,102000.00000000,101382.66000000
28/01/2025 02:00,102402.01000000,101382.66000000,102436.79000000,101334.55000000
28/01/2025 03:00,102636.32000000,102402.01000000,102880.00000000,102026.02000000
28/01/2025 04:00,102901.45000000,102636.32000000,103371.24000000,102600.00000000
28/01/2025 05:00,103014.59000000,102901.45000000,103339.61000000,102812.90000000
28/01/2025 06:00,102744.38000000,103014.60000000,103200.00000000,102599.20000000
28/01/2025 07:00,102789.72000000,102744.39000000,103343.65000000,102527.39000000
28/01/2025 08:00,102851.23000000,102789.72000000,103028.53000000,102607.34000000
28/01/2025 09:00,102955.99000000,102851.23000000,102965.28000000,102393.94000000
28/01/2025 10:00,102745.36000000,102955.99000000,103181.82000000,102600.79000000
28/01/2025 11:00,102762.01000000,102745.37000000,102943.07000000,102564.77000000
28/01/2025 12:00,102599.99000000,102762.02000000,102988.60000000,102476.63000000
28/01/2025 13:00,102597.36000000,102599.99000000,102938.71000000,102482.35000000
28/01/2025 14:00,102641.99000000,102597.37000000,102891.33000000,101815.26000000
28/01/2025 15:00,102777.99000000,102642.00000000,103800.00000000,102504.00000000
28/01/2025 16:00,102250.01000000,102777.99000000,102907.98000000,101906.24000000
28/01/2025 17:00,102572.82000000,102250.01000000,103098.00000000,102220.07000000
28/01/2025 18:00,102205.79000000,102572.82000000,103108.00000000,102160.00000000
28/01/2025 19:00,102424.24000000,102205.78000000,102660.00000000,101820.15000000
28/01/2025 20:00,101264.48000000,102424.24000000,102538.00000000,101197.04000000
28/01/2025 21:00,100334.01000000,101264.02000000,101547.22000000,100272.68000000
28/01/2025 22:00,101265.63000000,100334.00000000,101404.00000000,100274.96000000
28/01/2025 23:00,101335.52000000,101265.63000000,101450.00000000,100750.00000000
29/01/2025 00:00,101702.59000000,101335.52000000,101819.67000000,101328.01000000
29/01/2025 01:00,101845.02000000,101702.60000000,101993.68000000,101461.12000000
29/01/2025 02:00,101795.40000000,101845.02000000,102319.69000000,101696.01000000
29/01/2025 03:00,102038.20000000,101795.41000000,102162.80000000,101764.24000000
29/01/2025 04:00,102001.06000000,102038.21000000,102190.00000000,101955.51000000
29/01/2025 05:00,102262.00000000,102001.06000000,102384.61000000,101980.27000000
29/01/2025 06:00,102801.64000000,102262.00000000,102853.53000000,102237.05000000
29/01/2025 07:00,102755.82000000,102801.64000000,102815.66000000,102449.97000000
29/01/2025 08:00,102732.03000000,102755.81000000,103000.00000000,102680.00000000
29/01/2025 09:00,102334.40000000,102732.03000000,102770.00000000,102303.68000000
29/01/2025 10:00,102547.01000000,102334.41000000,102726.77000000,102180.65000000
29/01/2025 11:00,102646.00000000,102547.01000000,102809.52000000,102425.87000000
29/01/2025 12:00,102229.85000000,102646.00000000,102842.04000000,102220.13000000
29/01/2025 13:00,101836.23000000,102229.85000000,102330.81000000,101699.59000000
29/01/2025 14:00,102029.93000000,101836.23000000,102380.00000000,101582.37000000
29/01/2025 15:00,101980.78000000,102029.94000000,102531.64000000,101798.01000000
29/01/2025 16:00,102092.01000000,101980.78000000,102150.00000000,101675.62000000
29/01/2025 17:00,102406.98000000,102092.00000000,102777.78000000,101995.37000000
29/01/2025 18:00,102854.15000000,102406.97000000,103000.00000000,102008.00000000
29/01/2025 19:00,103583.99000000,102854.14000000,103999.00000000,101400.01000000
29/01/2025 20:00,104193.93000000,103584.00000000,104782.68000000,102868.00000000
29/01/2025 21:00,103741.11000000,104193.92000000,104393.93000000,103715.50000000
29/01/2025 22:00,103492.06000000,103741.11000000,104010.94000000,103405.77000000
29/01/2025 23:00,103733.24000000,103492.07000000,104344.64000000,103460.00000000
30/01/2025 00:00,104026.04000000,103733.25000000,104123.36000000,103278.54000000
30/01/2025 01:00,104264.15000000,104026.05000000,104555.00000000,103925.00000000
30/01/2025 02:00,104663.19000000,104264.15000000,104668.35000000,103994.46000000
30/01/2025 03:00,105196.00000000,104663.19000000,105300.00000000,104493.16000000
30/01/2025 04:00,105478.00000000,105196.00000000,105595.81000000,104842.37000000
30/01/2025 05:00,105375.70000000,105478.00000000,105520.00000000,104996.97000000
30/01/2025 06:00,105184.37000000,105375.70000000,105580.16000000,105163.44000000
30/01/2025 07:00,105132.07000000,105184.38000000,105348.00000000,104799.66000000
30/01/2025 08:00,105060.01000000,105132.07000000,105368.84000000,104925.26000000
30/01/2025 09:00,105412.05000000,105060.01000000,105534.00000000,105021.36000000
30/01/2025 10:00,105345.40000000,105412.05000000,105412.06000000,105117.63000000
30/01/2025 11:00,105300.63000000,105345.41000000,105392.00000000,105078.01000000
30/01/2025 12:00,105020.00000000,105300.63000000,105312.93000000,104836.85000000
30/01/2025 13:00,104879.99000000,105020.01000000,105367.57000000,104836.58000000
30/01/2025 14:00,105920.57000000,104879.99000000,106222.08000000,104660.00000000
30/01/2025 15:00,105564.00000000,105920.57000000,106457.44000000,105353.85000000
30/01/2025 16:00,105696.96000000,105563.99000000,106013.01000000,105455.30000000
30/01/2025 17:00,105300.01000000,105696.96000000,105698.27000000,104900.14000000
30/01/2025 18:00,105578.95000000,105300.01000000,105583.39000000,104762.59000000
30/01/2025 19:00,105711.27000000,105578.96000000,105776.87000000,105231.58000000
30/01/2025 20:00,104907.15000000,105711.28000000,105821.62000000,104815.82000000
30/01/2025 21:00,105048.89000000,104907.10000000,105217.17000000,104805.15000000
30/01/2025 22:00,105094.56000000,105048.89000000,105351.29000000,104962.11000000
30/01/2025 23:00,104722.94000000,105094.57000000,105254.00000000,104693.82000000
31/01/2025 00:00,104898.49000000,104722.94000000,105029.72000000,104400.00000000
31/01/2025 01:00,104729.58000000,104898.48000000,104908.15000000,104420.97000000
31/01/2025 02:00,104341.72000000,104729.95000000,104851.99000000,104255.01000000
31/01/2025 03:00,104344.46000000,104341.73000000,104377.76000000,103930.09000000
31/01/2025 04:00,104007.58000000,104344.46000000,104547.24000000,103972.13000000
31/01/2025 05:00,104319.87000000,104007.59000000,104484.09000000,104007.59000000
31/01/2025 06:00,104511.02000000,104319.87000000,104745.10000000,104298.73000000
31/01/2025 07:00,104188.56000000,104511.03000000,104814.46000000,104002.01000000
31/01/2025 08:00,104028.78000000,104188.57000000,104321.98000000,104013.63000000
31/01/2025 09:00,104256.56000000,104028.79000000,104329.73000000,103936.54000000
31/01/2025 10:00,104284.10000000,104256.57000000,104431.49000000,104080.10000000
31/01/2025 11:00,104736.00000000,104284.10000000,104848.65000000,104284.10000000
31/01/2025 12:00,104704.68000000,104736.01000000,104918.30000000,104553.71000000
31/01/2025 13:00,104664.02000000,104704.69000000,105036.03000000,104551.09000000
31/01/2025 14:00,104442.79000000,104664.01000000,104860.00000000,104106.00000000
31/01/2025 15:00,105464.01000000,104443.99000000,106012.00000000,104443.99000000
31/01/2025 16:00,105081.87000000,105464.00000000,105574.40000000,104696.23000000
31/01/2025 17:00,104580.87000000,105081.86000000,105081.87000000,104542.00000000
31/01/2025 18:00,102627.29000000,104580.87000000,104820.00000000,102605.00000000
31/01/2025 19:00,102312.32000000,102627.29000000,103016.66000000,102122.00000000
31/01/2025 20:00,101680.02000000,102312.31000000,102321.42000000,101603.23000000
31/01/2025 21:00,102148.73000000,101680.02000000,102166.11000000,101560.00000000
31/01/2025 22:00,102261.30000000,102148.72000000,102482.94000000,101918.46000000
31/01/2025 23:00,102429.56000000,102261.29000000,102439.31000000,101955.00000000
01/02/2025 00:00,102494.94000000,102429.56000000,102575.06000000,102213.07000000
